[
  {
    "anonymous": false,
    "inputs": [
      {
        "indexed": true,
        "internalType": "bytes32",
        "name": "id",
        "type": "bytes32"
      },
      {
        "indexed": false,
        "internalType": "string",
        "name": "name",
        "type": "string"
      },
      {
        "indexed": false,
        "internalType": "string",
        "name": "color",
        "type": "string"
      },
      {
        "indexed": false,
        "internalType": "string",
        "name": "material",
        "type": "string"
      },
      {
        "indexed": false,
        "internalType": "uint256",
        "name": "price",
        "type": "uint256"
      },
      {
        "indexed": false,
        "internalType": "uint256",
        "name": "year",
        "type": "uint256"
      }
    ],
    "name": "ProductUploaded",
    "type": "event"
  },
  {
    "inputs": [
      {
        "internalType": "bytes32",
        "name": "id",
        "type": "bytes32"
      },
      {
        "internalType": "string",
        "name": "name",
        "type": "string"
      },
      {
        "internalType": "string",
        "name": "color",
        "type": "string"
      },
      {
        "internalType": "string",
        "name": "material",
        "type": "string"
      },
      {
        "internalType": "uint256",
        "name": "price",
        "type": "uint256"
      },
      {
        "internalType": "uint256",
        "name": "year",
        "type": "uint256"
      }
    ],
    "name": "uploadProduct",
    "outputs": [],
    "stateMutability": "nonpayable",
    "type": "function"
  },
  {
    "inputs": [
      {
        "internalType": "bytes32",
        "name": "id",
        "type": "bytes32"
      }
    ],
    "name": "getProduct",
    "outputs": [
      {
        "internalType": "string",
        "name": "name",
        "type": "string"
      },
      {
        "internalType": "string",
        "name": "color",
        "type": "string"
      },
      {
        "internalType": "string",
        "name": "material",
        "type": "string"
      },
      {
        "internalType": "uint256",
        "name": "price",
        "type": "uint256"
      },
      {
        "internalType": "uint256",
        "name": "year",
        "type": "uint256"
      }
    ],
    "stateMutability": "view",
    "type": "function"
  }
]
